Variable,Odds_ratio,Risk_ratio,p_value,Significancia
PM2.5,0.8888888888888888,0.9444444444444444,0.9360971658234862,No
